trial_number,seed,wall_time_s,accuracy,inference_ms,param_count,arch_type,num_conv_layers,num_channels,num_fc_units,learning_rate,batch_size,num_epochs,dropout_rate,optimizer_type,input_resolution
0,42,7.556,0.661400,0.137152,4970,plain,1,8,256,0.0066873455882868115,128,5,0.24332916541908017,Adam,28
1,43,10.126,0.908400,2.638345,258762,plain,4,32,128,0.004716251099369894,256,8,0.24535349717726046,Adam,28
2,44,7.901,0.830300,0.905281,23818,plain,2,32,64,0.005656708703747076,128,5,0.4689132274874914,SGD,16
3,45,10.102,0.827300,1.113166,15914,plain,2,16,256,0.007652338585586096,256,8,0.2858640261880377,Adam,28
4,46,12.396,0.831800,1.053689,4762,plain,2,8,128,0.0063508360168059025,128,8,0.2367447005284769,SGD,16
5,47,17.982,0.913500,1.319502,276554,plain,4,32,256,0.005540258212573378,64,5,0.1334878315459468,Adam,28
6,48,13.069,0.642300,0.164989,1930,plain,1,16,64,0.005596479535846681,256,9,0.1657844986712761,SGD,16
7,49,10.637,0.891200,2.011322,249866,plain,4,32,64,0.003046461479645496,256,7,0.2603362012357689,SGD,16
8,50,19.946,0.514500,0.160724,11402,plain,1,32,256,0.0003178701673337147,64,9,0.21945573015252334,SGD,28
9,51,7.483,0.746500,0.135241,11402,plain,1,32,256,0.0043728067184313,256,5,0.010806039940165213,Adam,16
10,52,15.981,0.839100,0.477290,28618,plain,2,32,128,0.002153700881467097,64,6,0.4131459620971789,SGD,16
11,53,10.596,0.890900,1.138884,26330,plain,4,8,256,0.004091201150809115,256,7,0.44808038591988336,Adam,16
12,54,9.186,0.883500,1.216595,79786,plain,4,16,256,0.00853549670194898,256,6,0.07012454449930539,SGD,16
13,55,10.515,0.886100,1.855916,70186,plain,4,16,128,0.002347055463794754,128,6,0.2770180717695247,SGD,16
14,56,11.894,0.893100,1.877511,79786,plain,4,16,256,0.0005924443894737696,256,8,0.054287870567721774,Adam,16
15,57,16.307,0.892500,0.941857,18074,plain,4,8,64,0.0028210250812997456,64,5,0.33612004651990585,SGD,28
16,58,26.398,0.869200,0.651903,7658,plain,2,16,64,0.0029430016400891694,64,9,0.14061689191950416,Adam,28
17,59,12.356,0.726900,0.148932,4970,plain,1,8,256,0.006622545982121681,64,5,0.3297113173459509,Adam,16
18,60,10.441,0.895000,2.041952,258762,plain,4,32,128,0.005574751201889371,128,6,0.3634973071434413,SGD,16
19,61,10.006,0.804400,0.790950,23818,plain,2,32,64,0.00784114310897307,256,8,0.3843237459588285,SGD,28
20,62,24.390,0.814100,0.331796,38218,plain,2,32,256,0.006646492267870602,64,9,0.05387047297794828,SGD,28
21,63,9.203,0.851400,0.390194,23818,plain,2,32,64,0.004069804745786304,128,6,0.45800592256880396,Adam,28
22,64,7.540,0.667100,0.139314,7114,plain,1,16,256,0.008142063642813686,256,6,0.11510699544744041,Adam,28
23,65,34.060,0.908300,1.591871,249866,plain,4,32,64,0.0016780594698779623,64,10,0.01870627808808989,SGD,28
24,66,14.801,0.787500,1.248704,79786,plain,4,16,256,0.00023689361060726618,256,10,0.2774262346957417,SGD,16
25,67,20.991,0.817000,0.282732,8218,plain,2,8,256,0.0009095781291486611,64,8,0.18546114193121938,SGD,16
26,68,9.010,0.800800,0.766633,38218,plain,2,32,256,0.007226369912458538,256,7,0.4148948715662066,SGD,28
27,69,14.083,0.916700,1.824075,70186,plain,4,16,128,0.00462415353021136,128,7,0.4041257360321509,Adam,28
28,70,13.510,0.847500,0.337597,4762,plain,2,8,128,0.001621105072545682,128,8,0.15856944641135767,Adam,16
29,71,23.709,0.832500,0.489765,15914,plain,2,16,256,0.0050154373032826015,64,8,0.4764496975348725,SGD,28
30,72,10.188,0.852200,0.523393,23818,plain,2,32,64,0.0015315979061045527,128,6,0.1454589190700593,Adam,16
31,73,6.502,0.579800,0.161799,4970,plain,1,8,256,0.006966240547026583,256,5,0.25752856461585727,SGD,28
32,74,11.740,0.628100,0.168230,3658,plain,1,16,128,0.004467101192984567,64,5,0.12798254528380137,SGD,28
33,75,14.759,0.843800,0.529384,4762,plain,2,8,128,0.0038164020487038604,256,10,0.46802178502448166,Adam,16
34,76,14.790,0.896800,1.287777,258762,plain,4,32,128,0.003022105770587287,128,7,0.08230390879100907,Adam,16
35,77,10.279,0.734200,0.154702,3658,plain,1,16,128,0.006306523105257695,256,7,0.022455309696164494,Adam,16
36,78,13.431,0.896300,1.315902,18074,plain,4,8,64,0.0036245079794283708,128,7,0.21754853000151897,SGD,28
37,79,17.608,0.881800,1.242260,18074,plain,4,8,64,0.0008856226939678491,128,9,0.4961877820279185,SGD,28
38,80,12.455,0.559800,0.130261,1930,plain,1,16,64,0.0011888789621839482,64,5,0.445838633127457,SGD,16
39,81,8.139,0.850400,0.951668,23818,plain,2,32,64,0.00961935766884965,128,5,0.3743040097284746,SGD,16
40,82,10.284,0.845300,0.718365,23818,plain,2,32,64,0.009660541593374681,256,7,0.37062668869877907,SGD,16
41,83,6.887,0.611600,0.170387,1930,plain,1,16,64,0.0066873455882868115,128,5,0.2523348618364514,SGD,28
42,84,8.108,0.798700,0.256413,28618,plain,2,32,128,0.005656708703747076,128,5,0.3595787632068198,Adam,16
43,85,8.897,0.734700,0.159866,11402,plain,1,32,256,0.0016457480096637783,256,6,0.1452708675020064,Adam,16
44,86,7.714,0.747400,0.956388,28618,plain,2,32,128,0.004977237519268478,256,6,0.3634973071434413,SGD,28
45,87,8.647,0.642700,0.180668,11402,plain,1,32,256,0.006966240547026583,128,6,0.2532602726500168,SGD,28
46,88,7.611,0.684300,0.134743,7114,plain,1,16,256,0.006739652691353473,256,6,0.1135353005078847,Adam,28
47,89,20.264,0.764600,0.159757,5898,plain,1,32,128,0.005237466708215717,64,8,0.24582420003792538,Adam,16
48,90,10.676,0.780100,0.527647,4762,plain,2,8,128,0.007226369912458538,128,7,0.40163954195370416,SGD,28
49,91,9.005,0.895700,1.540522,79786,plain,4,16,256,0.0038569712873052233,256,6,0.4740528057937483,Adam,16
50,92,14.866,0.557300,0.144985,2538,plain,1,8,128,0.0016780594698779623,256,10,0.06865898331695472,SGD,16
51,93,14.313,0.638200,0.156456,11402,plain,1,32,256,0.0011752794718091373,64,6,0.34580562515188024,SGD,16
52,94,12.115,0.902900,2.008838,258762,plain,4,32,128,0.004295066507383541,256,8,0.012156448329461517,SGD,16
53,95,10.247,0.719100,0.140336,7114,plain,1,16,256,0.003065065360963277,128,7,0.4041257360321509,Adam,28
54,96,6.214,0.544500,0.142914,7114,plain,1,16,256,0.0028210250812997456,256,5,0.33612004651990585,SGD,28
55,97,14.439,0.888500,1.666202,70186,plain,4,16,128,0.00010817254810666321,256,10,0.29312031557876694,Adam,16
56,98,12.889,0.776700,0.307299,15914,plain,2,16,256,0.000796548584515403,128,8,0.16604006097308052,SGD,16
57,99,25.803,0.871200,0.603411,7658,plain,2,16,64,0.0018151813668763352,64,9,0.14061689191950416,Adam,16
58,100,12.795,0.853200,0.619634,23818,plain,2,32,64,0.006463906817860365,128,8,0.23648140463870126,SGD,16
59,101,16.321,0.903900,2.140309,79786,plain,4,16,256,0.00548752969463962,64,5,0.1334878315459468,SGD,28
60,102,9.493,0.895900,2.035441,65386,plain,4,16,64,0.002580008529574793,128,5,0.2640135222520815,SGD,28
61,103,11.820,0.666800,0.159371,2538,plain,1,8,128,0.004467101192984567,64,5,0.12224864121523188,Adam,28
62,104,20.878,0.837400,0.569547,23818,plain,2,32,64,0.007652338585586096,64,8,0.46853289989211805,SGD,28
63,105,10.294,0.841500,1.027738,8218,plain,2,8,256,0.006306523105257695,256,7,0.011110230372171244,Adam,16
64,106,21.597,0.865400,0.228021,15914,plain,2,16,256,0.0056129509859034945,64,8,0.4764496975348725,Adam,16
65,107,8.300,0.874800,0.826047,38218,plain,2,32,256,0.003893673554860431,128,5,0.4204032173363553,Adam,16
66,108,24.205,0.758400,0.372399,23818,plain,2,32,64,0.00804890321928752,64,9,0.05544216799782929,SGD,28
67,109,13.246,0.633900,0.127685,1930,plain,1,16,64,0.005596479535846681,256,9,0.16531379581061806,SGD,16
68,110,12.358,0.824000,0.293864,38218,plain,2,32,256,0.00784114310897307,128,8,0.3793313208963544,SGD,28
69,111,12.691,0.876900,1.118018,20826,plain,4,8,128,0.002347055463794754,128,7,0.2770180717695247,SGD,16
70,112,11.598,0.899900,1.639154,65386,plain,4,16,64,0.00853549670194898,128,6,0.004601786508028491,SGD,28
71,113,13.500,0.815700,0.912277,23818,plain,2,32,64,0.0021673003719259124,64,5,0.4534704234110857,SGD,16
72,114,7.955,0.711400,0.125926,7114,plain,1,16,256,0.000690802285532187,128,5,0.08350638664251364,Adam,16
73,115,11.116,0.694800,0.155689,3658,plain,1,16,128,0.004728808134531065,128,7,0.08230390879100907,SGD,16
74,116,12.889,0.704600,0.156459,1930,plain,1,16,64,0.006549983554940179,64,5,0.3297113173459509,Adam,16
75,117,14.546,0.876300,0.829352,18074,plain,4,8,64,0.003797722902115489,256,10,0.4619785333997585,SGD,16
76,118,20.099,0.754000,0.123607,7114,plain,1,16,256,0.001621105072545682,64,8,0.18088405890541395,Adam,16
77,119,28.394,0.869500,1.488847,20826,plain,4,8,128,0.0008856226939678491,64,9,0.4961877820279185,SGD,16
78,120,10.495,0.701200,0.289877,3034,plain,2,8,64,0.0023344734427134823,128,7,0.2195163533782435,SGD,28
79,121,20.914,0.527100,0.159952,11402,plain,1,32,256,0.0003845974353586484,64,9,0.31299314322150645,SGD,28
80,122,8.003,0.730600,0.162675,7114,plain,1,16,256,0.003893673554860431,128,5,0.4202611882453909,Adam,16
81,123,26.388,0.825100,0.300700,23818,plain,2,32,64,0.0016780594698779623,64,10,0.026571225729783238,SGD,28
82,124,12.491,0.826800,0.266309,8218,plain,2,8,256,0.000515298223346328,128,8,0.1799905943162303,Adam,16
83,125,6.388,0.531900,0.160088,2538,plain,1,8,128,0.0043728067184313,256,5,0.010806039940165213,SGD,28
84,126,7.614,0.807900,0.777247,28618,plain,2,32,128,0.009023398377615741,256,6,0.004601786508028491,SGD,28
85,127,12.401,0.802400,0.783460,28618,plain,2,32,128,0.0009046056357304309,128,8,0.20378353312912056,SGD,16
86,128,16.106,0.705000,0.160189,3658,plain,1,16,128,0.003056073689440243,64,7,0.4041257360321509,SGD,16
87,129,12.080,0.643900,0.177299,1930,plain,1,16,64,0.006263089059429998,128,9,0.24127503786309337,SGD,28
88,130,9.399,0.892600,1.265530,70186,plain,4,16,128,0.004715966051780924,128,5,0.008564851047579772,SGD,28
89,131,30.105,0.901600,1.660936,18074,plain,4,8,64,0.0015052419397710115,64,9,0.4956321848914084,Adam,28
90,132,6.594,0.893600,1.442810,65386,plain,4,16,64,0.0048618028579218925,256,5,0.4041257360321509,SGD,28
91,133,11.937,0.669100,0.178530,3658,plain,1,16,128,0.0066216943472728225,64,5,0.2741050434665099,Adam,28
92,134,21.161,0.864600,0.236539,15914,plain,2,16,256,0.00444020956990515,64,8,0.4772757287937174,Adam,16
93,135,15.404,0.662400,0.232556,2538,plain,1,8,128,0.006351552536447447,64,7,0.24582420003792538,SGD,28
94,136,7.956,0.760500,0.170642,11402,plain,1,32,256,0.005540258212573378,128,5,0.14209550470769072,Adam,16
95,137,12.452,0.909600,1.764614,26330,plain,4,8,256,0.004627725974531223,256,10,0.4619785333997585,Adam,28
96,138,15.107,0.913100,1.431334,79786,plain,4,16,256,0.003819795537286906,128,8,0.4740528057937483,Adam,28
97,139,12.189,0.857400,1.992276,18074,plain,4,8,64,0.0028899137005885915,128,7,0.27981971512107984,SGD,16
98,140,12.467,0.681900,0.159596,2538,plain,1,8,128,0.006622545982121681,64,5,0.3187617115032279,SGD,16
99,141,8.827,0.597200,0.864000,5898,plain,1,32,128,0.0029430016400891694,128,6,0.09680163921105056,SGD,28
100,142,17.318,0.911800,1.603605,276554,plain,4,32,256,0.006651904937108262,64,5,0.3595787632068198,SGD,28
101,143,14.051,0.696500,0.124396,3658,plain,1,16,128,0.005596479535846681,128,9,0.15475131991262203,SGD,16
102,144,16.836,0.909500,1.639430,65386,plain,4,16,64,0.002018298168678082,128,9,0.16718181113704061,Adam,28
103,145,23.197,0.882800,1.074351,38218,plain,2,32,256,0.00784114310897307,64,8,0.46337456665317345,Adam,28
104,146,20.310,0.906900,1.442635,65386,plain,4,16,64,0.004069804745786304,64,6,0.45800592256880396,Adam,28
105,147,18.496,0.655000,0.168733,1322,plain,1,8,64,0.004198748621535323,64,8,0.18546114193121938,Adam,28
106,148,6.699,0.874800,1.943624,79786,plain,4,16,256,0.0011978706978880396,256,5,0.445838633127457,SGD,28
107,149,6.599,0.750700,1.064424,15914,plain,2,16,256,0.007110101933474169,256,5,0.2021070095380556,SGD,28
108,150,30.300,0.909200,2.351496,258762,plain,4,32,128,0.004440380401791271,64,9,0.13755437724339187,SGD,28
109,151,24.898,0.842400,0.335941,7658,plain,2,16,64,0.0050154373032826015,64,8,0.48607208013465975,Adam,28
110,152,14.293,0.915400,1.935495,65386,plain,4,16,64,0.000570548658909243,128,7,0.08350638664251364,Adam,28
111,153,8.034,0.708800,0.128804,1930,plain,1,16,64,0.0026746690299852775,128,5,0.33038928682844976,Adam,16
112,154,12.041,0.650300,0.144559,3658,plain,1,16,128,0.005639842608982912,64,5,0.12044573511056461,SGD,28
113,155,28.330,0.901200,1.707682,79786,plain,4,16,256,0.004589321619732684,64,8,0.0073807507286217655,Adam,16
114,156,19.608,0.742900,0.161202,7114,plain,1,16,256,0.0009388549468889682,64,8,0.18088405890541395,Adam,16
115,157,11.310,0.740000,0.133552,5898,plain,1,32,128,0.003022105770587287,128,7,0.08230390879100907,Adam,16
116,158,8.890,0.706900,0.233738,4762,plain,2,8,128,0.001658280843800234,128,6,0.15856944641135767,SGD,28
117,159,13.985,0.903500,1.958315,20826,plain,4,8,128,0.002347055463794754,128,7,0.21474688664996386,Adam,28
118,160,17.115,0.902400,1.778547,18074,plain,4,8,64,0.0024315357238851466,64,5,0.3362454049708012,Adam,28
119,161,12.490,0.714500,0.173817,3658,plain,1,16,128,0.004956483668314242,128,9,0.0933217596405917,Adam,28
120,162,19.882,0.860400,0.220283,15914,plain,2,16,256,0.005455827582985964,64,8,0.0653839575144674,SGD,16
121,163,19.099,0.891200,1.389956,79786,plain,4,16,256,0.004624876616141953,128,10,0.3176931963855216,SGD,16
122,164,14.156,0.643200,0.173047,3658,plain,1,16,128,0.00462415353021136,64,6,0.43288488285157145,SGD,28
123,165,7.504,0.720000,0.158700,4970,plain,1,8,256,0.006549983554940179,256,5,0.3297113173459509,Adam,16
124,166,10.444,0.875200,1.589407,18074,plain,4,8,64,0.003022105770587287,256,7,0.44436605228906695,Adam,16
125,167,18.308,0.918200,1.698783,276554,plain,4,32,256,0.005430365520453918,64,5,0.14040621264049907,Adam,28
126,168,23.489,0.805800,0.753958,8218,plain,2,8,256,0.007356972091772934,64,8,0.46270419579344274,SGD,28
127,169,8.205,0.836500,0.958790,15914,plain,2,16,256,0.0054815926721780844,128,5,0.020647818690479713,SGD,16
128,170,18.343,0.590700,0.166358,2538,plain,1,8,128,0.0009154107680191394,64,8,0.15723497003828416,SGD,28
129,171,8.858,0.868100,1.075362,38218,plain,2,32,256,0.004440380401791271,128,5,0.41490051188507754,Adam,16
130,172,20.486,0.674700,0.661297,11402,plain,1,32,256,0.0029430016400891694,64,9,0.14061689191950416,SGD,28
131,173,21.970,0.729400,0.158009,3146,plain,1,32,64,0.005552981236547238,64,9,0.16385124954541694,Adam,28
132,174,14.724,0.659100,0.163722,2538,plain,1,8,128,0.004755846461119075,64,6,0.06631510233730538,Adam,28
133,175,8.805,0.691000,0.189698,11402,plain,1,32,256,0.0041017885032888736,128,6,0.4687901848161629,Adam,28
134,176,19.295,0.657200,0.161396,1322,plain,1,8,64,0.0050113231624828985,64,8,0.48607208013465975,Adam,28
135,177,12.213,0.665500,0.830898,10410,plain,2,16,128,0.000515298223346328,128,8,0.1799905943162303,SGD,28
136,178,17.556,0.737700,0.159989,1930,plain,1,16,64,0.002592481117523048,64,7,0.08350638664251364,Adam,16
137,179,17.639,0.892700,1.181781,18074,plain,4,8,64,0.0013278390253861766,64,5,0.4956321848914084,Adam,28
138,180,11.069,0.709900,0.122421,2538,plain,1,8,128,0.001621105072545682,128,7,0.011578195033355887,Adam,16
139,181,10.128,0.903700,1.460222,20826,plain,4,8,128,0.0024315357238851466,128,5,0.3362454049708012,Adam,28
140,182,11.020,0.667100,0.154935,2538,plain,1,8,128,0.0035324262465605233,128,7,0.47437226660165754,SGD,16
141,183,7.499,0.732600,0.163592,11402,plain,1,32,256,0.002847030610552059,256,5,0.46680196817236774,Adam,16
142,184,12.180,0.801600,1.052388,4762,plain,2,8,128,0.002347055463794754,128,7,0.2207342093823386,Adam,28
143,185,12.269,0.704200,0.132629,11402,plain,1,32,256,0.006622545982121681,64,5,0.4076711721710954,SGD,16
144,186,12.104,0.619300,0.131353,5898,plain,1,32,128,0.0011888789621839482,64,5,0.08370363994806126,SGD,16
145,187,12.640,0.913600,1.987202,249866,plain,4,32,64,0.002018298168678082,256,10,0.16794320297942644,SGD,28
146,188,11.985,0.903700,1.493027,276554,plain,4,32,256,0.003977541610941654,256,8,0.47472317665347785,Adam,16
147,189,8.305,0.865300,0.815304,23818,plain,2,32,64,0.0014299625228384899,128,5,0.1334878315459468,Adam,16
148,190,14.007,0.839900,0.203945,8218,plain,2,8,256,0.0055025234568501944,128,9,0.1988750745600322,SGD,16
149,191,22.260,0.743900,0.154499,5898,plain,1,32,128,0.003893673554860431,64,9,0.1430538086093433,Adam,28
150,192,29.025,0.842700,1.066198,28618,plain,2,32,128,0.0016780594698779623,64,10,0.01870627808808989,SGD,28
151,193,11.724,0.639000,0.125829,3658,plain,1,16,128,0.0046111520842147275,256,8,0.24728674630314193,SGD,16
152,194,19.706,0.717100,0.150521,2538,plain,1,8,128,0.004398052443757783,64,8,0.1847029211686469,Adam,16
153,195,18.205,0.644700,0.168133,1930,plain,1,16,64,0.0024174469351053826,64,8,0.20216252663938025,SGD,28
154,196,12.573,0.905700,1.430635,65386,plain,4,16,64,0.0030827512849748964,256,10,0.4619785333997585,SGD,28
155,197,8.595,0.824100,0.211613,3034,plain,2,8,64,0.0020690220421390646,128,5,0.2855808344262407,Adam,16
156,198,13.106,0.713500,0.156666,1322,plain,1,8,64,0.0018151813668763352,256,9,0.14061689191950416,Adam,16
157,199,30.591,0.921800,2.684789,276554,plain,4,32,256,0.005998935851778539,64,9,0.3734828662985428,SGD,28
158,200,11.655,0.715600,0.130735,3658,plain,1,16,128,0.006306523105257695,256,8,0.16650454295878106,Adam,16
159,201,13.345,0.894100,2.049014,18074,plain,4,8,64,0.0036245079794283708,128,7,0.24338202383462515,SGD,28
160,202,24.788,0.899400,1.023738,20826,plain,4,8,128,0.003022105770587287,64,7,0.17042400674871258,Adam,16
161,203,10.211,0.709600,0.777052,7658,plain,2,16,64,0.005455827582985964,256,8,0.13463370043802636,SGD,28
162,204,15.398,0.900700,1.796983,258762,plain,4,32,128,0.0016717762314693249,128,8,0.07388050397197675,Adam,16
163,205,14.520,0.576700,0.162762,3146,plain,1,32,64,0.0028271743487976314,256,10,0.4619785333997585,SGD,16
164,206,6.774,0.911800,2.945315,258762,plain,4,32,128,0.006832078612015625,256,5,0.13606219412556647,Adam,28
165,207,8.203,0.777100,0.596648,3034,plain,2,8,64,0.002724251141708465,128,5,0.08687932613244209,Adam,28
166,208,16.204,0.897900,1.333879,65386,plain,4,16,64,0.002628152264014659,64,5,0.13305741939627097,SGD,28
167,209,7.992,0.764000,0.410926,7658,plain,2,16,64,0.0018124631571516947,128,5,0.2855808344262407,SGD,16
168,210,12.903,0.873500,0.553422,15914,plain,2,16,256,0.004265723568821863,128,8,0.11210889764514514,Adam,16
169,211,21.013,0.671300,0.156465,1322,plain,1,8,64,0.003495980233535095,64,9,0.21813422295069554,Adam,28
170,212,19.577,0.670700,0.184243,3146,plain,1,32,64,0.00422436293845913,64,9,0.14226992472155692,SGD,28
171,213,8.799,0.715400,0.198425,11402,plain,1,32,256,0.0037385230139853954,256,7,0.022455309696164494,Adam,28
172,214,14.252,0.716700,0.128252,3658,plain,1,16,128,0.005298972413572856,128,9,0.48382886236849254,Adam,16
173,215,12.157,0.807800,0.259107,10410,plain,2,16,128,0.00502164591130052,128,8,0.466893086428147,Adam,28
174,216,8.694,0.899400,2.084553,276554,plain,4,32,256,0.006636001571482378,128,5,0.20869686312920702,SGD,16
175,217,14.413,0.723200,0.230753,8218,plain,2,8,256,0.001875802558238156,64,5,0.3362454049708012,SGD,28
176,218,27.279,0.898000,0.994214,26330,plain,4,8,256,0.004074763249750693,64,8,0.47324653413686657,SGD,28
177,219,14.722,0.730700,0.162805,7114,plain,1,16,256,0.005280286468272175,64,6,0.10021054263117918,SGD,16
178,220,18.812,0.591200,0.137595,2538,plain,1,8,128,0.0021879598349164447,64,8,0.3672532541604969,SGD,28
179,221,28.266,0.897400,1.323201,258762,plain,4,32,128,0.003797722902115489,64,8,0.44547750940751235,SGD,16
180,222,12.613,0.899300,1.359467,18074,plain,4,8,64,0.005596479535846681,256,10,0.0824721183269396,SGD,28
181,223,19.954,0.737400,0.164205,7114,plain,1,16,256,0.002000098726109178,64,8,0.046291214391153745,Adam,16
182,224,17.548,0.726700,0.125133,4970,plain,1,8,256,0.0025823454922647214,64,7,0.1893074702117237,Adam,16
183,225,11.795,0.886200,1.255026,79786,plain,4,16,256,0.006306523105257695,256,8,0.19921385818606155,SGD,16
184,226,11.508,0.912100,1.398933,258762,plain,4,32,128,0.005982111278219139,256,9,0.3427520817772765,SGD,28
185,227,17.895,0.586500,0.174072,3658,plain,1,16,128,0.00023043598993130682,64,7,0.4867846434487408,Adam,28
186,228,18.182,0.898100,1.895147,70186,plain,4,16,128,0.0018155926407808394,128,9,0.3713859108661179,Adam,16
187,229,20.805,0.775100,0.230474,3034,plain,2,8,64,0.00043804546781538536,64,7,0.05347758869712588,Adam,28
188,230,12.804,0.898900,1.189443,18074,plain,4,8,64,0.0019831077880015082,256,10,0.4968856046074284,Adam,28
189,231,8.912,0.901200,1.354640,18074,plain,4,8,64,0.005886848806360674,256,7,0.19122906013709223,Adam,28
190,232,17.900,0.914100,1.835136,70186,plain,4,16,128,0.0018722766259585317,128,9,0.1843976457444529,Adam,28
191,233,7.579,0.728200,0.168038,7114,plain,1,16,256,0.006461673646087202,256,5,0.43188610382478543,Adam,16
192,234,24.120,0.904000,1.239491,70186,plain,4,16,128,0.0013639202664740746,64,7,0.4041257360321509,SGD,28
193,235,24.708,0.836600,0.420086,7658,plain,2,16,64,0.005606742377885576,64,8,0.47583609601594257,Adam,28
194,236,14.030,0.775200,0.168691,11402,plain,1,32,256,0.005489067867489496,128,9,0.3297113173459509,Adam,16
195,237,12.454,0.692800,0.155727,4970,plain,1,8,256,0.0030880792200754805,64,5,0.33612004651990585,Adam,16
196,238,8.546,0.606600,0.148226,7114,plain,1,16,256,0.0038148370333225177,128,6,0.4694047795941627,SGD,28
197,239,23.675,0.869900,1.130978,23818,plain,2,32,64,0.005237466708215717,64,8,0.30167757499002557,Adam,28
198,240,7.900,0.803300,0.395788,15914,plain,2,16,256,0.0016911267714678697,128,5,0.021920532038053664,Adam,28
199,241,12.357,0.584700,0.161862,1322,plain,1,8,64,0.004398052443757783,256,10,0.1847029211686469,SGD,28
